/*
SQLyog Professional v12.08 (64 bit)
MySQL - 5.6.31-log : Database - workdb
*********************************************************************
*/

/*!40101 SET NAMES utf8 */;

/*!40101 SET SQL_MODE=''*/;

/*!40014 SET @OLD_UNIQUE_CHECKS=@@UNIQUE_CHECKS, UNIQUE_CHECKS=0 */;
/*!40014 SET @OLD_FOREIGN_KEY_CHECKS=@@FOREIGN_KEY_CHECKS, FOREIGN_KEY_CHECKS=0 */;
/*!40101 SET @OLD_SQL_MODE=@@SQL_MODE, SQL_MODE='NO_AUTO_VALUE_ON_ZERO' */;
/*!40111 SET @OLD_SQL_NOTES=@@SQL_NOTES, SQL_NOTES=0 */;
CREATE DATABASE /*!32312 IF NOT EXISTS*/`workdb` /*!40100 DEFAULT CHARACTER SET utf8 */;

USE `workdb`;

/*Table structure for table `classinfo` */

DROP TABLE IF EXISTS `classinfo`;

CREATE TABLE `classinfo` (
  `ClassID` int(11) NOT NULL,
  `ClassNumber` varchar(20) NOT NULL,
  `CTeacherID` int(11) NOT NULL,
  `ClassGrade` varchar(2) NOT NULL,
  PRIMARY KEY (`ClassID`)
) ENGINE=InnoDB DEFAULT CHARSET=gbk;

/*Data for the table `classinfo` */

insert  into `classinfo`(`ClassID`,`ClassNumber`,`CTeacherID`,`ClassGrade`) values (1,'07034',1,'s1'),(2,'07038',2,'s1');

/*Table structure for table `king` */

DROP TABLE IF EXISTS `king`;

CREATE TABLE `king` (
  `id` int(11) NOT NULL,
  `getkingdate` datetime DEFAULT NULL,
  `athlete` varchar(255) CHARACTER SET utf8 DEFAULT NULL,
  `country` varchar(255) CHARACTER SET utf8 DEFAULT NULL,
  `bigitem` varchar(255) CHARACTER SET utf8 DEFAULT NULL,
  `smallitem` varchar(255) CHARACTER SET utf8 DEFAULT NULL,
  PRIMARY KEY (`id`)
) ENGINE=InnoDB DEFAULT CHARSET=gbk;

/*Data for the table `king` */

insert  into `king`(`id`,`getkingdate`,`athlete`,`country`,`bigitem`,`smallitem`) values (1,'2008-08-09 12:00:00','陈燮霞','中国','举重','女子举重48公斤级'),(2,'2008-08-24 16:05:00','张小平','中国','拳击','男子轻重量级(81公斤级)'),(3,'2008-08-24 13:35:00','邹市明','中国','拳击','男子轻蝇量级(48公斤级)'),(4,'2008-08-23 21:18:00','马琳','中国','乒乓球','乒乓球男子单打'),(5,'2008-08-23 17:05:00','孟关良/杨文军','中国','皮划艇静水','男子皮划艇静水500米双人划艇'),(6,'2008-08-22 21:20:00','张怡宁','中国','乒乓球','乒乓球女子单打'),(7,'2008-08-21 21:20:00','陈若琳','中国','跳水','女子跳水10米跳台'),(8,'2008-08-20 20:10:00','吴静钰','中国','跆拳道','女子跆拳道49公斤以下级'),(9,'2008-08-20 13:45:00','殷剑','中国','帆船','女子帆船帆板-RS:X级'),(10,'2008-08-19 22:05:00','何冲','中国','跳水','男子跳水3米跳板'),(11,'2008-08-19 20:50:00','陆春龙','中国','蹦床','男子网上个人'),(12,'2008-08-19 20:05:00','邹凯','中国','体操','男子体操单杠'),(13,'2008-08-19 18:30:00','李小鹏','中国','体操','男子体操双杠'),(14,'2008-08-18 21:08:00','乒乓球男团','中国','乒乓球','乒乓球男子团体'),(15,'2008-08-18 20:52:00','何雯娜','中国','蹦床','女子网上个人'),(16,'2008-08-18 19:15:00','何可欣','中国','体操','女子体操高低杠'),(17,'2008-08-18 18:30:00','陈一冰','中国','体操','男子体操吊环'),(18,'2008-08-17 21:47:00','郭晶晶','中国','跳水','女子跳水3米跳板'),(19,'2008-08-17 21:40:00','林丹','中国','羽毛球','羽毛球男子单打'),(20,'2008-08-17 21:15:00','乒乓球女团','中国','乒乓球','乒乓球女子团体'),(21,'2008-08-17 20:10:00','肖钦','中国','体操','男子体操鞍马'),(22,'2008-08-17 18:30:00','邹凯','中国','体操','男子自由体操'),(23,'2008-08-17 17:52:00','王娇','中国','摔跤','女子摔跤自由式72公斤级'),(24,'2008-08-17 16:35:00','赛艇女子四人双桨','中国','赛艇','女子四人双桨'),(25,'2008-08-17 13:50:00','邱健','中国','射击','男子射击50米步枪3×40'),(26,'2008-08-16 13:30:00','张宁','中国','羽毛球','羽毛球女子单打'),(27,'2008-08-15 22:20:00','杜婧/于洋','中国','羽毛球','羽毛球女子双打'),(28,'2008-08-15 20:35:00','陆永','中国','举重','男子举重85公斤级'),(29,'2008-08-15 19:05:00','佟文','中国','柔道','女子柔道78公斤以上级'),(30,'2008-08-15 17:13:00','曹磊','中国','举重','女子举重75公斤级'),(31,'2008-08-14 19:13:00','杨秀丽','中国','柔道','女子柔道78公斤级'),(32,'2008-08-14 18:00:00','张娟娟','中国','射箭','女子射箭个人'),(33,'2008-08-14 13:28:00','杨威','中国','体操','男子体操个人全能'),(34,'2008-08-14 12:50:00','杜丽','中国','射击','女子射击50米步枪3×20'),(35,'2008-08-14 10:46:00','刘子歌','中国','游泳','女子200米蝶泳'),(36,'2008-08-13 16:55:00','刘春红','中国','举重','女子举重69公斤级'),(37,'2008-08-13 15:34:00','王峰/秦凯','中国','跳水','男子跳水双人3米跳板'),(38,'2008-08-13 15:20:00','陈颖','中国','射击','女子射击25米运动手枪'),(39,'2008-08-13 12:18:00','体操女团','中国','体操','女子体操团体'),(40,'2008-08-12 20:40:00','廖辉','中国','举重','男子举重69公斤级'),(41,'2008-08-12 20:30:00','仲满','中国','击剑','男子击剑个人佩剑'),(42,'2008-08-12 15:18:00','王鑫/陈若琳','中国','跳水','女子跳水双人10米跳台'),(43,'2008-08-12 12:40:00','体操男团','中国','体操','男子体操团体'),(44,'2008-08-11 20:34:00','张湘祥','中国','举重','男子举重62公斤级'),(45,'2008-08-11 17:12:00','陈艳青','中国','举重','女子举重58公斤级'),(46,'2008-08-11 15:35:00','林跃/火亮','中国','跳水','男子跳水10米跳台'),(47,'2008-08-10 20:45:00','龙清泉','中国','举重','男子举重56公斤级'),(48,'2008-08-10 19:00:00','冼东妹','中国','柔道','女子柔道52公斤级'),(49,'2008-08-10 15:10:00','郭晶晶/吴敏霞','中国','跳水','女子跳水双人3米跳板'),(50,'2008-08-10 12:15:00','郭文珺','中国','射击','女子射击10米气手枪'),(51,'2008-08-09 15:22:00','庞伟','中国','射击','男子射击10米气手枪'),(52,'2008-08-24 16:22:00','美国男篮','美国','篮球','男子篮球'),(53,'2008-08-24 14:10:00','美国队','美国','排球','男子排球'),(54,'2008-08-23 23:40:00','美国队','美国','篮球','女子篮球'),(55,'2008-08-23 21:15:00','美国队','美国','田径','男子4x400米接力'),(56,'2008-08-23 20:45:00','美国队','美国','田径','女子4x400米接力'),(57,'2008-08-22 22:00:00','布赖恩·克莱 ','美国','田径','男子十项全能'),(58,'2008-08-22 12:10:00','罗杰斯/达尔豪瑟','美国','沙滩排球','男子沙滩排球'),(59,'2008-08-21 23:00:00','美国队','美国','足球','女子足球'),(60,'2008-08-21 21:30:00','拉肖恩·梅里特 ','美国','田径','男子400米'),(61,'2008-08-21 11:40:00','沃尔什/梅－特雷纳 ','美国','沙滩排球','女子沙滩排球'),(62,'2008-08-19 22:32:00','唐 ·哈珀 ','美国','田径','女子100米栏'),(63,'2008-08-19 19:18:00','肖恩·约翰逊','美国','体操','女子体操平衡木'),(64,'2008-08-19 17:30:00','亨利·塞胡多 ','美国','摔跤','男子摔跤自由式55公斤级'),(65,'2008-08-19 14:30:00','安娜·滕尼克利夫 ','美国','帆船','女子帆船单人艇-激光雷迪尔级'),(66,'2008-08-18 22:03:00','泰勒','美国','田径','男子400米栏'),(67,'2008-08-18 21:55:00','美国队','美国','马术','马术场地障碍团体赛'),(68,'2008-08-18 20:15:00','特拉夫顿 ','美国','田径','女子铁饼'),(69,'2008-08-17 17:20:00','美国队','美国','赛艇','女子八人单桨有舵手'),(70,'2008-08-17 16:50:00','大威/小威','美国','网球','网球女子双打'),(71,'2008-08-17 11:10:00','美国队','美国','游泳','男子4x100米混合泳接力'),(72,'2008-08-16 15:40:00','文森特·汉考克','美国','射击','男子射击飞碟双向'),(73,'2008-08-16 10:10:00','菲尔普斯','美国','游泳','男子100米蝶泳'),(74,'2008-08-15 12:55:00','娜斯佳·柳金','美国','体操','女子体操个人全能'),(75,'2008-08-15 10:54:00','菲尔普斯','美国','游泳','男子200米混合泳'),(76,'2008-08-15 10:22:00','瑞安·洛赫特 ','美国','游泳','男子200米仰泳'),(77,'2008-08-15 10:14:00','丽贝卡·索尼','美国','游泳','女子200米蛙泳'),(78,'2008-08-13 13:00:00','阿姆斯特朗 ','美国','','女子公路自行车个人计时赛'),(79,'2008-08-13 11:28:00','美国队','美国','游泳','男子4x200米自由泳接力'),(80,'2008-08-13 10:23:00','菲尔普斯','美国','游泳','男子200米蝶泳'),(81,'2008-08-12 15:33:00','格伦·埃勒','美国','射击','男子射击飞碟双多向'),(82,'2008-08-12 10:32:00','阿伦·佩尔索尔','','游泳','男子100米仰泳'),(83,'2008-08-12 10:25:00','纳塔莉·库格林','美国','游泳','女子100米仰泳'),(84,'2008-08-12 10:18:00','菲尔普斯','美国','游泳','男子200米自由泳'),(85,'2008-08-11 11:35:00','美国队','美国','游泳','男子4x100米自由泳接力'),(86,'2008-08-10 10:10:00','菲尔普斯 ','美国','游泳','男子400米个人混合泳'),(87,'2008-08-09 20:20:00','玛丽埃尔·扎格尼斯','美国','击剑','女子击剑个人佩剑'),(88,'2008-08-24 14:55:00','阿列克谢·季先科 ','俄罗斯','拳击','男子轻量级(60公斤级)'),(89,'2008-08-24 12:20:00','俄罗斯队','俄罗斯','艺术体操','艺术体操集体全能'),(90,'2008-08-23 21:45:00','恰赫基耶夫 ','俄罗斯','拳击','男子重量级(91公斤级)'),(91,'2008-08-23 20:30:00','卡纳耶娃 ','俄罗斯','艺术体操','艺术体操个人全能'),(92,'2008-08-23 16:00:00','俄罗斯队','俄罗斯','花样游泳','花样游泳团体'),(93,'2008-08-23 15:45:00','马克西姆·奥帕列夫 ','俄罗斯','皮划艇静水','男子皮划艇静水500米单人划艇'),(94,'2008-08-22 21:25:00','俄罗斯队','俄罗斯','田径',''),(95,'2008-08-21 20:15:00','安德烈·莫伊谢耶夫 ','俄罗斯','现代五项','男子现代五项'),(96,'2008-08-21 18:20:00','希尔瓦尼·穆拉多夫 ','俄罗斯','摔跤','男子摔跤自由式96公斤级'),(97,'2008-08-21 10:45:00','奥莉加·卡尼斯金娜 ','俄罗斯','田径','女子20公里竞走'),(98,'2008-08-20 18:35:00','萨伊季耶夫 ','俄罗斯','摔跤','男子摔跤自由式74公斤级'),(99,'2008-08-20 16:10:00','俄罗斯队','俄罗斯','花样游泳','花样游泳双人'),(100,'2008-08-20 11:30:00','拉里莎·伊利琴科 ','俄罗斯','游泳','女子10公里马拉松游泳'),(101,'2008-08-19 21:00:00','安德瑞·斯林诺夫 ','','田径','男子跳高'),(102,'2008-08-19 18:25:00','马夫列特·巴季罗夫 ','俄罗斯','摔跤','男子摔跤自由式60公斤级'),(103,'2008-08-18 22:20:00','伊辛巴耶娃','俄罗斯','田径','女子撑竿跳高'),(104,'2008-08-17 21:50:00','萨米托娃 ','俄罗斯','田径','女子3000米障碍'),(105,'2008-08-17 16:50:00','杰缅季耶娃 ','俄罗斯','网球','网球女子单打'),(106,'2008-08-16 20:30:00','俄罗斯队','俄罗斯','击剑','女子击剑团体花剑'),(107,'2008-08-16 11:00:00','瓦列里·博尔钦 ','俄罗斯','田径','男子20公里竞走'),(108,'2008-08-14 18:35:00','阿斯兰别克·胡什托夫 ','俄罗斯','摔跤','男子摔跤古典式96公斤级'),(109,'2008-08-12 18:40:00','阿尔比耶夫','俄罗斯','摔跤','男子摔跤古典式60公斤级'),(110,'2008-08-12 17:40:00','纳济里·曼基耶夫','俄罗斯','摔跤','男子摔跤古典式55公斤级');

/*Table structure for table `studentexam` */

DROP TABLE IF EXISTS `studentexam`;

CREATE TABLE `studentexam` (
  `ExamID` int(11) NOT NULL,
  `ExamNumber` varchar(32) NOT NULL,
  `EStuID` int(11) NOT NULL,
  `ExamSubject` varchar(20) NOT NULL,
  `ExamResult` int(11) DEFAULT NULL,
  PRIMARY KEY (`ExamID`)
) ENGINE=InnoDB DEFAULT CHARSET=gbk;

/*Data for the table `studentexam` */

insert  into `studentexam`(`ExamID`,`ExamNumber`,`EStuID`,`ExamSubject`,`ExamResult`) values (1,'S1_2007070801',1,'SQL',80),(2,'S1_2007070801',1,'Java',56),(3,'S1_2007070801',3,'SQL',90),(4,'S1_2007070801',4,'SQL',95),(5,'S1_2007070801',4,'Java',80);

/*Table structure for table `studentinfo` */

DROP TABLE IF EXISTS `studentinfo`;

CREATE TABLE `studentinfo` (
  `StuID` int(11) NOT NULL,
  `StuNumber` varchar(10) NOT NULL,
  `StuName` varchar(32) NOT NULL,
  `StuAge` int(11) DEFAULT NULL,
  `StuSex` varchar(2) NOT NULL,
  `StuCard` varchar(20) DEFAULT NULL,
  `StuJoinTime` datetime NOT NULL,
  `StuAddress` varchar(50) DEFAULT NULL,
  `SClassID` int(11) DEFAULT NULL,
  PRIMARY KEY (`StuID`)
) ENGINE=InnoDB DEFAULT CHARSET=gbk;

/*Data for the table `studentinfo` */

insert  into `studentinfo`(`StuID`,`StuNumber`,`StuName`,`StuAge`,`StuSex`,`StuCard`,`StuJoinTime`,`StuAddress`,`SClassID`) values (1,'001','火云邪神',18,'男','430105198905022032','2007-03-01 00:00:00','长沙市开福区',1),(2,'002','东方不败',20,'男','430104198703012011','2007-03-10 00:00:00','湖南湘潭',2),(3,'003','小李飞车',18,'男','420106198912064044','2007-03-02 00:00:00','广东佛山',1),(4,'004','樱桃肉丸子',18,'女','420106198908061085','2007-03-06 00:00:00','开福区长沙市岳麓区',2);

/*Table structure for table `teacherinfo` */

DROP TABLE IF EXISTS `teacherinfo`;

CREATE TABLE `teacherinfo` (
  `TeacherID` int(11) NOT NULL,
  `TeacherName` varchar(20) NOT NULL,
  `TeacherTel` varchar(20) DEFAULT NULL,
  `TeacherEmail` varchar(20) DEFAULT NULL,
  PRIMARY KEY (`TeacherID`)
) ENGINE=InnoDB DEFAULT CHARSET=gbk;

/*Data for the table `teacherinfo` */

insert  into `teacherinfo`(`TeacherID`,`TeacherName`,`TeacherTel`,`TeacherEmail`) values (1,'唐三藏','13907311119','tsz@yahoo.com'),(2,'擎天柱','13907315200','qtz@yahoo.com');

/*!40101 SET SQL_MODE=@OLD_SQL_MODE */;
/*!40014 SET FOREIGN_KEY_CHECKS=@OLD_FOREIGN_KEY_CHECKS */;
/*!40014 SET UNIQUE_CHECKS=@OLD_UNIQUE_CHECKS */;
/*!40111 SET SQL_NOTES=@OLD_SQL_NOTES */;
